{
    "n_samples": 1319,
    "accuracy": 0.8225928733889311,
    "avg_cot_length": 178.17968157695225,
    "sample_latency": 0.8986403922224876
}