{
    "n_samples": 1319,
    "accuracy": 0.7862016679302501,
    "avg_cot_length": 154.05989385898408,
    "sample_latency": 0.7505950660213907
}