{
    "n_samples": 1319,
    "accuracy": 0.8726307808946171,
    "avg_cot_length": 187.94313874147082,
    "sample_latency": 0.9445108846790236
}