{
    "n_samples": 7473,
    "accuracy": 0.9345644319550381,
    "avg_cot_length": 924.4757125652349,
    "sample_latency": 21.65659941555617
}