{
    "n_samples": 1319,
    "accuracy": 0.8385140257771039,
    "avg_cot_length": 186.90068233510235,
    "sample_latency": 0.9310650624860137
}