{
    "n_samples": 1319,
    "accuracy": 0.8271417740712661,
    "avg_cot_length": 147.158453373768,
    "sample_latency": 0.741029747333194
}