{
    "n_samples": 1319,
    "accuracy": 0.8544351781652767,
    "avg_cot_length": 164.6937073540561,
    "sample_latency": 0.8493431646594322
}