{
    "n_samples": 1319,
    "accuracy": 0.9014404852160728,
    "avg_cot_length": 232.36542835481424,
    "sample_latency": 1.2768906343154964
}