{
    "n_samples": 1994,
    "accuracy": 0.38866599799398194,
    "avg_cot_length": 2101.026078234704,
    "sample_latency": 78.95929734230998
}