{
    "n_samples": 1319,
    "accuracy": 0.6611068991660348,
    "avg_cot_length": 116.29340409401061,
    "sample_latency": 0.7222177111081232
}