{
    "n_samples": 1319,
    "accuracy": 0.8908263836239575,
    "avg_cot_length": 241.0166793025019,
    "sample_latency": 1.8933936239102287
}