{
    "n_samples": 1319,
    "accuracy": 0.9037149355572404,
    "avg_cot_length": 227.71190295678545,
    "sample_latency": 1.2372068583377842
}