{
    "n_samples": 1319,
    "accuracy": 0.8870356330553449,
    "avg_cot_length": 203.39272175890827,
    "sample_latency": 1.0723457741321625
}