{
    "n_samples": 1319,
    "accuracy": 0.8157695223654283,
    "avg_cot_length": 174.1956027293404,
    "sample_latency": 0.8722997584787618
}