{
    "n_samples": 1319,
    "accuracy": 0.7081122062168309,
    "avg_cot_length": 126.44730856709629,
    "sample_latency": 0.6357997116308668
}