{
    "n_samples": 1319,
    "accuracy": 0.8809704321455648,
    "avg_cot_length": 194.70053070507961,
    "sample_latency": 1.0290838406789113
}