{
    "n_samples": 1319,
    "accuracy": 0.9241849886277483,
    "avg_cot_length": 280.72175890826384,
    "sample_latency": 1.650762850086828
}