{
    "n_samples": 1319,
    "accuracy": 0.8081880212282032,
    "avg_cot_length": 168.63760424564063,
    "sample_latency": 0.8381708291916344
}