{
    "n_samples": 7993,
    "accuracy": 0.5557362692355812,
    "avg_cot_length": 549.7143750781934,
    "sample_latency": 6.799162076140888
}