{
    "n_samples": 1319,
    "accuracy": 0.8188021228203184,
    "avg_cot_length": 172.70432145564823,
    "sample_latency": 0.8614219361132434
}