{
    "n_samples": 1319,
    "accuracy": 0.8627748294162244,
    "avg_cot_length": 168.7877179681577,
    "sample_latency": 0.840405818275469
}