{
    "n_samples": 1319,
    "accuracy": 0.910538286580743,
    "avg_cot_length": 249.1144806671721,
    "sample_latency": 1.4151737404375748
}