{
    "n_samples": 1319,
    "accuracy": 0.8309325246398787,
    "avg_cot_length": 178.57771038665655,
    "sample_latency": 0.8834052156371723
}