{
    "n_samples": 1319,
    "accuracy": 0.6065200909780136,
    "avg_cot_length": 183.82562547384381,
    "sample_latency": 3.72235095256924
}