{
    "n_samples": 1319,
    "accuracy": 0.576194086429113,
    "avg_cot_length": 174.4852160727824,
    "sample_latency": 3.9295014073398637
}